id,parent_id,name,rank,common_name,obs_count
47170,,Fungi,kingdom,Fungi Including Lichens,0
47169,47170,Basidiomycota,phylum,Basidiomycete Fungi,0
50814,47169,Agaricomycetes,class,"Mushrooms, Bracket Fungi, Puffballs, and Allies",0
47380,50814,Polyporales,order,Shelf Fungi,0
55974,47380,Fomitopsidaceae,family,Bracket Polypores,0
118056,55974,Fomitopsis,genus,,0
1098280,118056,Fomitopsis pinicola,species,Red-banded Polypore,544
47167,50814,Agaricales,order,Common Gilled Mushrooms and Allies,0
118249,47167,Amanitaceae,family,amanita mushrooms and allies,0
48419,118249,Amanita,genus,amanita mushrooms,0
48715,48419,Amanita muscaria,species,Fly Agaric,505
53277,47169,Dacrymycetes,class,,0
53278,53277,Dacrymycetales,order,,0
53279,53278,Dacrymycetaceae,family,,0
63408,53279,Calocera,genus,,0
63405,63408,Calocera viscosa,species,Jelly-antler,427
516951,47167,Coprinaceae,family,,0
47393,516951,Coprinus,genus,inky caps,0
47392,47393,Coprinus comatus,species,Shaggy Mane,291
48250,47170,Ascomycota,phylum,Ascomycete Fungi,0
54743,48250,Lecanoromycetes,class,Common Lichens,0
54755,54743,Teloschistales,order,Sunburst Lichens and Allies,0
54756,54755,Teloschistaceae,family,"sunburst lichens, firedots, and allies",0
54757,54756,Xanthoria,genus,Sunburst Lichens,0
55576,54757,Xanthoria parietina,species,Common Sunburst Lichen,244
47379,47380,Polyporaceae,family,Bracket Fungi,0
47378,47379,Trametes,genus,Turkey-tails and allies,0
54134,47378,Trametes versicolor,species,turkey-tail,222
47394,47167,Agaricaceae,family,Field Mushrooms and Allies,0
63402,47394,Macrolepiota,genus,,0
63401,63402,Macrolepiota procera,species,Parasol,217
48768,47167,Strophariaceae,family,,0
48769,48768,Hypholoma,genus,,0
48767,48769,Hypholoma fasciculare,species,Sulphur Tuft,205
895657,47380,Laetiporaceae,family,,0
48431,895657,Laetiporus,genus,,0
53713,48431,Laetiporus sulphureus,species,chicken of the woods,176
67661,48419,Amanita rubescens,species,blusher,173
48445,47167,Lycoperdaceae,family,puffballs,0
48444,48445,Lycoperdon,genus,,0
48443,48444,Lycoperdon perlatum,species,common puffball,166
351075,47167,Hydnangiaceae,family,,0
54895,351075,Laccaria,genus,Deceivers,0
55899,54895,Laccaria amethystina,species,Amethyst Deceiver,165
48327,54743,Lecanorales,order,"shield lichens, rim lichens, and allies",0
54321,48327,Parmeliaceae,family,shield lichens and allies,0
123176,54321,Evernia,genus,oakmoss lichens,0
123175,123176,Evernia prunastri,species,Oakmoss,151
48427,50814,Boletales,order,boletes and allies,0
48702,48427,Boletaceae,family,boletes,0
48703,48702,Boletus,genus,Porcini and Allies,0
48701,48703,Boletus edulis,species,King Bolete,149
127511,47379,Fomes,genus,,0
127510,127511,Fomes fomentarius,species,Hoof Fungus,145
175350,54321,Pseudevernia,genus,,0
175355,175350,Pseudevernia furfuracea,species,tree moss,139
54574,47167,Schizophyllaceae,family,,0
54575,54574,Schizophyllum,genus,,0
54573,54575,Schizophyllum commune,species,splitgill mushroom,136
48708,50814,Phallales,order,stinkhorns and allies,0
1395929,48708,Clathraceae,family,,0
51137,1395929,Clathrus,genus,Cage Stinkhorns,0
51135,51137,Clathrus archeri,species,devil's-fingers,135
553906,48702,Neoboletus,genus,,0
553907,553906,Neoboletus erythropus,species,Dotted Stem Bolete,133
55523,48250,Leotiomycetes,class,,0
125771,55523,Rhytismatales,order,,0
125772,125771,Rhytismataceae,family,,0
130943,125772,Rhytisma,genus,Tar Spot Fungi,0
130935,130943,Rhytisma acerinum,species,Black Tar Spot,131
54735,54321,Parmelia,genus,shield lichens,0
54734,54735,Parmelia sulcata,species,Netted shield lichen,129
47350,50814,Cantharellales,order,,0
48423,47350,Hydnaceae,family,,0
47348,48423,Cantharellus,genus,chanterelles,0
47347,47348,Cantharellus cibarius,species,Golden Chanterelle,120
48341,50814,Russulales,order,,0
55502,48341,Stereaceae,family,,0
55503,55502,Stereum,genus,,0
55501,55503,Stereum hirsutum,species,hairy curtain crust,117
50253,48327,Lecanoraceae,family,"rim lichens, disc lichens, and allies",0
532707,50253,Protoparmeliopsis,genus,,0
632126,532707,Protoparmeliopsis muralis,species,Stonewall Rim Lichen,116
1155395,47167,Clitocybaceae,family,,0
54625,1155395,Clitocybe,genus,Funnels,0
63255,54625,Clitocybe nebularis,species,Cloudy Clitocybe,113
972792,48445,Apioperdon,genus,,0
972793,972792,Apioperdon pyriforme,species,Pear-shaped Puffball,110
48712,54743,Peltigerales,order,,0
54295,48712,Peltigeraceae,family,,0
54294,54295,Peltigera,genus,pelt lichens,0
127051,54294,Peltigera praetextata,species,scaly pelt lichen,109
125713,48702,Strobilomyces,genus,,0
352462,125713,Strobilomyces strobilaceus,species,Old-man-of-the-woods,103
510855,48702,Imleria,genus,,0
510854,510855,Imleria badia,species,Bay Bolete,101
49489,48327,Cladoniaceae,family,spindles and structured lichens,0
49490,49489,Cladonia,genus,pixie cup and reindeer lichens,0
179037,49490,Cladonia fimbriata,species,Trumpet Lichen,98
63271,48419,Amanita citrina,species,False Death-cap,92
53715,47380,Meripilaceae,family,,0
125757,53715,Meripilus,genus,,0
157989,125757,Meripilus giganteus,species,Giant Polypore,89
48713,48712,Lobariaceae,family,,0
48714,48713,Lobaria,genus,Lung Lichens,0
48711,48714,Lobaria pulmonaria,species,Tree Lungwort,88
50815,50814,Auriculariales,order,,0
348834,50815,Guepinia,genus,,0
348814,348834,Guepinia helvelloides,species,Apricot Jelly,87
117951,54321,Flavoparmelia,genus,greenshield lichens,0
117943,117951,Flavoparmelia caperata,species,common greenshield lichen,84
410641,47378,Trametes gibbosa,species,Lumpy Bracket,81
63266,48423,Clavulina,genus,,0
63260,63266,Clavulina coralloides,species,White Coral Fungus,80
415479,48702,Caloboletus,genus,Bitter Boletes,0
701434,415479,Caloboletus calopus,species,Bitter Beech Bolete,76
55931,47167,Physalacriaceae,family,,0
55930,55931,Armillaria,genus,honey mushrooms,0
55950,55930,Armillaria mellea,species,Honey Mushroom,75
49545,47167,Marasmiaceae,family,Pinwheel Family,0
54067,49545,Marasmius,genus,Pinwheels and Parachute Mushrooms,0
118240,54067,Marasmius oreades,species,fairy ring marasmius,75
117956,54743,Ostropales,order,"script lichens, whitewash lichens, and allies",0
175458,117956,Phlyctidaceae,family,whitewash lichens and allies,0
175440,175458,Phlyctis,genus,Blemished Lichens,0
182631,175440,Phlyctis argena,species,Whitewash Lichen,75
51136,48708,Phallaceae,family,stinkhorns,0
54593,51136,Phallus,genus,,0
54594,54593,Phallus impudicus,species,common stinkhorn,71
416305,48702,Xerocomellus,genus,,0
438013,416305,Xerocomellus chrysenteron,species,Red-cracking Bolete,71
55965,55931,Oudemansiella,genus,Rooting Shanks,0
55964,55965,Oudemansiella mucida,species,porcelain mushroom,70
192381,55930,Armillaria ostoyae,species,Honey Mushroom,70
48420,47167,Pluteaceae,family,,0
379669,48420,Volvopluteus,genus,,0
348720,379669,Volvopluteus gloiocephalus,species,Stubble Rosegill,70
55928,48427,Sclerodermataceae,family,,0
55929,55928,Scleroderma,genus,earthballs,0
55927,55929,Scleroderma citrinum,species,common earthball,69
1415508,47380,Phaeolaceae,family,,0
118088,1415508,Phaeolus,genus,,0
118084,118088,Phaeolus schweinitzii,species,European Dyer's Polypore,69
63542,48427,Hygrophoropsidaceae,family,,0
63543,63542,Hygrophoropsis,genus,,0
63538,63543,Hygrophoropsis aurantiaca,species,False Chanterelle,68
56310,47167,Psathyrellaceae,family,Brittlestems and Allies,0
56315,56310,Coprinellus,genus,,0
56318,56315,Coprinellus micaceus,species,mica cap,65
53489,48427,Suillaceae,family,,0
53490,53489,Suillus,genus,Slippery Jacks,0
147277,53490,Suillus grevillei,species,Larch Bolete,65
48611,48423,Craterellus,genus,Trumpets,0
350511,48611,Craterellus tubaeformis,species,Yellowfoot,63
117886,54321,Platismatia,genus,,0
117874,117886,Platismatia glauca,species,Varied Rag Lichen,62
152032,48250,Pezizomycetes,class,Operculate Ascomycetes,0
48717,152032,Pezizales,order,,0
49205,48717,Helvellaceae,family,,0
49206,49205,Helvella,genus,Elfin Saddles,0
49208,49206,Helvella crispa,species,White Saddle,61
116695,47378,Trametes hirsuta,species,Hairy Bracket,61
416512,47167,Hymenogastraceae,family,,0
83198,416512,Gymnopilus,genus,rustgills and gyms,0
194304,83198,Gymnopilus penetrans,species,Common Rustgill,60
383374,55965,Oudemansiella radicata,species,rooting shank,59
53539,48250,Sordariomycetes,class,,0
48805,53539,Xylariales,order,,0
48806,48805,Xylariaceae,family,,0
55268,48806,Xylaria,genus,,0
55267,55268,Xylaria hypoxylon,species,Candlesnuff Fungus,58
50816,50815,Auriculariaceae,family,,0
50817,50816,Auricularia,genus,Wood ear fungi,0
50813,50817,Auricularia auricula-judae,species,Jelly Ear,56
775410,118056,Fomitopsis betulina,species,birch polypore,56
63019,47380,Sparassidaceae,family,Cauliflower Fungi and Allies,0
63020,63019,Sparassis,genus,cauliflower mushrooms,0
63014,63020,Sparassis crispa,species,Cauliflower Fungus,54
55920,47167,Mycenaceae,family,,0
55922,55920,Mycena,genus,Bonnets,0
63446,55922,Mycena galericulata,species,common bonnet,54
118204,48427,Tapinellaceae,family,,0
118205,118204,Tapinella,genus,,0
154450,118205,Tapinella atrotomentosa,species,Velvet-footed Tap,54
1094443,54743,Umbilicariales,order,"rocktripes, bloodspot lichens, and allies",0
59970,1094443,Umbilicariaceae,family,"Rocktripes, Toadskin Lichens, and allies",0
59968,59970,Umbilicaria,genus,Rock Tripes,0
233242,59968,Umbilicaria cylindrica,species,Fringed Rocktripe Lichen,53
48340,48341,Russulaceae,family,"Milkcaps, Brittlegills and Allies",0
54597,48340,Lactarius,genus,Common Milkcaps,0
194385,54597,Lactarius deterrimus,species,Orange-latex Milky,52
117988,54321,Hypogymnia,genus,Tube Lichens,0
117971,117988,Hypogymnia physodes,species,Hooded Tube Lichen,51
118075,47380,Phanerochaetaceae,family,,0
118047,118075,Bjerkandera,genus,,0
118038,118047,Bjerkandera adusta,species,Smoky polypore,51
416511,47167,Porotheleaceae,family,,0
63285,416511,Megacollybia,genus,,0
1097548,63285,Megacollybia platyphylla,species,European Platterful Mushroom,51
67339,50814,Gloeophyllales,order,,0
67340,67339,Gloeophyllaceae,family,,0
704447,67340,Osmoporus,genus,,0
1649510,704447,Osmoporus odoratus,species,Anise Mazegill,51
81961,63266,Clavulina rugosa,species,wrinkled club fungus,50
125717,59970,Lasallia,genus,Blistered Navel Lichens,0
222671,125717,Lasallia pustulata,species,,50
332467,50817,Auricularia mesenterica,species,Tripe Fungus,48
532755,54756,Rusavskia,genus,,0
532267,532755,Rusavskia elegans,species,Elegant Sunburst Lichen,48
446872,48702,Suillellus,genus,,0
824777,446872,Suillellus luridus,species,Lurid Bolete,48
56314,56315,Coprinellus disseminatus,species,Trooping Crumble Cap,47
68308,55920,Panellus,genus,Oysterlings,0
68309,68308,Panellus stipticus,species,Luminescent Panellus,47
153034,416512,Kuehneromyces,genus,,0
153033,153034,Kuehneromyces mutabilis,species,Sheathed Woodtuft,46
48475,47379,Ganoderma,genus,"Artist's Brackets, Reishi, and Allies",0
48473,48475,Ganoderma applanatum,species,artist's bracket,45
83737,47169,Tremellomycetes,class,,0
48530,83737,Tremellales,order,,0
48531,48530,Tremellaceae,family,,0
48532,48531,Tremella,genus,,0
48529,48532,Tremella mesenterica,species,witch's butter,45
152549,54743,Baeomycetales,order,,0
176055,152549,Baeomycetaceae,family,,0
175954,176055,Baeomyces,genus,Beret Lichens,0
180422,175954,Baeomyces rufus,species,Brown Beret Lichen,45
48495,47167,Pleurotaceae,family,,0
48496,48495,Pleurotus,genus,Oyster Mushrooms,0
48494,48496,Pleurotus ostreatus,species,Oyster Mushroom,44
55942,48427,Paxillaceae,family,,0
55943,55942,Paxillus,genus,Rollrims,0
55941,55943,Paxillus involutus,species,Brown Roll-Rim,44
63236,54895,Laccaria laccata,species,deceiver,44
67341,67340,Gloeophyllum,genus,,0
67338,67341,Gloeophyllum sepiarium,species,Conifer Mazegill,43
117860,54735,Parmelia saxatilis,species,Salted Shield Lichen,43
372828,54743,Caliciales,order,"button lichens, rosette lichens, and allies",0
60717,372828,Physciaceae,family,"rosette lichens, frost lichens, and allies",0
117887,60717,Physcia,genus,rosette lichens,0
124439,117887,Physcia adscendens,species,Hooded Rosette Lichen,43
1612377,47380,Climacocystaceae,family,,0
354216,1612377,Climacocystis,genus,,0
350364,354216,Climacocystis borealis,species,,43
512746,55922,Mycena rosea,species,Rosy Bonnet,43
895268,47379,Cerioporus,genus,,0
940028,895268,Cerioporus squamosus,species,Dryad's Saddle,43
48326,48327,Ramalinaceae,family,"bushy lichens, sea-fog lichens, and allies",0
48325,48326,Ramalina,genus,bushy lichens,0
54758,48325,Ramalina farinacea,species,Farinose Cartilage Lichen,42
47498,47167,Tricholomataceae,family,,0
62484,47498,Tricholoma,genus,Knights,0
408299,62484,Tricholoma sulphureum,species,Sulphur Knight,41
64013,47167,Omphalotaceae,family,,0
203670,64013,Mycetinis,genus,,0
1134741,203670,Mycetinis alliaceus,species,garlic parachute,41
58671,55523,Leotiales,order,,0
58672,58671,Leotiaceae,family,,0
58673,58672,Leotia,genus,Jelly Babies,0
58669,58673,Leotia lubrica,species,Ochre Jelly Club,40
119999,48419,Amanita excelsa,species,European False Blusher,40
124103,47379,Daedaleopsis,genus,,0
124102,124103,Daedaleopsis confragosa,species,Thin-walled Maze Polypore,40
85399,47394,Leucocoprinus,genus,,0
1558279,85399,Leucocoprinus leucothites,species,White Dapperling,40
175488,54321,Parmelina,genus,Fine Shield Lichens,0
462122,175488,Parmelina tiliacea,species,Linden shield lichen,39
63482,48702,Tylopilus,genus,,0
63489,63482,Tylopilus felleus,species,Bitter Bolete,38
64071,48769,Hypholoma capnoides,species,Smoky-gilled Hypholoma,38
154675,48444,Lycoperdon excipuliforme,species,Pestle Puffball,38
48718,48717,Pyronemataceae,family,,0
48719,48718,Aleuria,genus,,0
48716,48719,Aleuria aurantia,species,orange peel fungus,37
48339,48340,Russula,genus,brittlegills,0
194437,48339,Russula cyanoxantha,species,Charcoal Burner,37
351304,54597,Lactarius salmonicolor,species,Salmon milkcap,37
154391,1155395,Collybia,genus,,0
1525548,154391,Collybia nuda,species,Blewit,37
55154,50814,Gomphales,order,,0
48710,55154,Gomphaceae,family,,0
48707,48710,Ramaria,genus,Coral Fungi,0
54228,48707,Ramaria stricta,species,Upright Coral Fungus,36
117991,117956,Graphidaceae,family,Script Lichens and Allies,0
117992,117991,Graphis,genus,Graffiti Lichens,0
117987,117992,Graphis scripta,species,Common Script Lichen,36
353211,48340,Lactifluus,genus,,0
351324,353211,Lactifluus vellereus,species,Fleecy Milkcap,36
49073,55523,Helotiales,order,,0
791908,49073,Gelatinodiscaceae,family,,0
49072,791908,Ascocoryne,genus,,0
49075,49072,Ascocoryne sarcoides,species,Purple Jellydisc,35
54165,50815,Pseudohydnum,genus,,0
54164,54165,Pseudohydnum gelatinosum,species,Toothed Jelly Fungus,35
69211,54321,Punctelia,genus,Speckled Shield Lichens,0
341601,69211,Punctelia jeckeri,species,Powdered Speckled Shield Lichen,35
1181093,47167,Verrucosporaceae,family,,0
542909,1181093,Echinoderma,genus,,0
1280949,542909,Echinoderma asperum,species,Freckled Dapperling,35
566411,55922,Mycena crocata,species,saffrondrop bonnet,34
566555,47348,Cantharellus amethysteus,species,Amethyst Chanterelle,34
118247,47167,Lyophyllaceae,family,,0
625291,118247,Leucocybe,genus,,0
625290,625291,Leucocybe connata,species,White Domecap,34
875165,63020,Sparassis brevipes,species,,34
1128529,47167,Phyllotopsidaceae,family,,0
63392,1128529,Tricholomopsis,genus,,0
194395,63392,Tricholomopsis decora,species,Decorated Mop,33
48426,48427,Gomphidiaceae,family,,0
48425,48426,Gomphidius,genus,Spikes,0
48424,48425,Gomphidius glutinosus,species,Slimy Spike,32
55472,47167,Bolbitiaceae,family,,0
55473,55472,Bolbitius,genus,,0
55474,55473,Bolbitius titubans,species,yellow fieldcap,32
63387,63392,Tricholomopsis rutilans,species,Plums-and-Custard,32
130203,48769,Hypholoma lateritium,species,Brick Cap,32
374622,64013,Collybiopsis,genus,Parachutes,0
1275338,374622,Collybiopsis confluens,species,clustered toughshank,32
1525546,154391,Collybia odora,species,Aniseed Funnel,32
117950,49490,Cladonia macilenta,species,Lipstick Powderhorn,31
60783,48420,Pluteus,genus,Shields,0
60782,60783,Pluteus cervinus,species,Deer Mushroom,30
51870,47167,Hygrophoraceae,family,Waxcaps and Allies,0
63108,51870,Hygrophorus,genus,Woodwaxes,0
67331,63108,Hygrophorus eburneus,species,Cowboy's Handkerchief,30
118042,47167,Cyphellaceae,family,,0
118043,118042,Chondrostereum,genus,,0
118036,118043,Chondrostereum purpureum,species,Silverleaf Fungus,30
118145,48444,Lycoperdon pratense,species,Meadow Puffball,30
136399,48496,Pleurotus pulmonarius,species,pale oyster,30
64076,48768,Pholiota,genus,Scalycaps,0
153445,64076,Pholiota squarrosa,species,shaggy scalycap,30
155081,55503,Stereum subtomentosum,species,yellowing curtain crust,30
318823,54321,Pleurosticta,genus,,0
318822,318823,Pleurosticta acetabulum,species,,30
58695,1181093,Lepiota,genus,,0
351371,58695,Lepiota clypeolaria,species,Shield Dapperling,30
370776,49490,Cladonia rangiformis,species,,30
55525,49073,Erysiphaceae,family,Powdery Mildews,0
375155,55525,Sawadaea,genus,,0
504530,375155,Sawadaea tulasnei,species,,30
1415510,47380,Postiaceae,family,,0
1428993,1415510,Ptychogaster,genus,,0
1428994,1428993,Ptychogaster albus,species,Powderpuff Bracket,30
1096394,47167,Pseudoclitocybaceae,family,,0
332677,1096394,Pseudoclitocybe,genus,Goblets,0
339415,332677,Pseudoclitocybe cyathiformis,species,The Goblet,29
1180517,47167,Omphalinaceae,family,,0
451027,1180517,Infundibulicybe,genus,Funnels,0
451026,451027,Infundibulicybe geotropa,species,Trooping Funnel,29
464807,55922,Mycena renati,species,beautiful bonnet,29
48418,48419,Amanita pantherina,species,Panthercap,28
48522,56310,Coprinopsis,genus,Inkcaps,0
48521,48522,Coprinopsis atramentaria,species,Common Ink Cap,28
48607,48611,Craterellus cornucopioides,species,Horn-of-plenty,28
54203,48702,Leccinum,genus,,0
63232,54203,Leccinum scabrum,species,Brown Birch-bolete,28
152029,48250,Laboulbeniomycetes,class,,0
152530,152029,Laboulbeniales,order,,0
337770,152530,Laboulbeniaceae,family,,0
362822,337770,Hesperomyces,genus,,0
1433448,362822,Hesperomyces harmoniae,species,,28
48510,1128529,Pleurocybella,genus,,0
48509,48510,Pleurocybella porrigens,species,angel's wings,27
57519,50814,Hymenochaetales,order,,0
57518,57519,Hymenochaetaceae,family,,0
118119,57518,Trichaptum,genus,,0
118115,118119,Trichaptum abietinum,species,Purplepore Bracket,27
117897,54743,Rhizocarpales,order,,0
117898,117897,Rhizocarpaceae,family,,0
117899,117898,Rhizocarpon,genus,Map Lichens,0
119888,117899,Rhizocarpon geographicum,species,yellow map lichen,27
49548,47394,Agaricus,genus,field and button mushrooms,0
143563,49548,Agaricus campestris,species,Meadow Mushroom,27
118046,47380,Meruliaceae,family,,0
179117,118046,Merulius,genus,,0
179113,179117,Merulius tremellosus,species,Trembling Crust,27
55013,50814,Geastrales,order,Geastrales,0
55014,55013,Geastraceae,family,,0
63077,55014,Geastrum,genus,Earthstars,0
179167,63077,Geastrum fimbriatum,species,Sessile Earthstar,27
341797,62484,Tricholoma terreum,species,Grey Knight,27
55174,48250,Dothideomycetes,class,,0
1520268,55174,Mycosphaerellales,order,,0
153031,1520268,Mycosphaerellaceae,family,,0
375127,153031,Ramularia,genus,,0
384093,375127,Ramularia rubella,species,,27
921916,451027,Infundibulicybe gibba,species,Common Funnel,27
974663,47378,Trametes cinnabarina,species,Northern Cinnabar Polypore,27
1529293,47167,Xeromphalinaceae,family,,0
56253,1529293,Xeromphalina,genus,,0
56251,56253,Xeromphalina campanella,species,Pinewood Gingertail,26
118248,118247,Lyophyllum,genus,Domecaps,0
118243,118248,Lyophyllum decastes,species,Fried Chicken Mushroom,26
48705,47167,Cortinariaceae,family,Webcaps,0
48704,48705,Cortinarius,genus,Webcaps,0
124344,48704,Cortinarius violaceus,species,violet webcap,26
57527,57518,Inonotus,genus,,0
194483,57527,Inonotus hispidus,species,Shaggy Bracket,26
69967,47169,Pucciniomycetes,class,,0
69968,69967,Pucciniales,order,rust fungi,0
69969,69968,Coleosporiaceae,family,,0
148087,69969,Coleosporium,genus,,0
381759,148087,Coleosporium tussilaginis,species,,26
57693,48445,Calvatia,genus,,0
57692,57693,Calvatia gigantea,species,giant puffball,25
47166,47167,Entolomataceae,family,,0
64709,47166,Clitopilus,genus,,0
64708,64709,Clitopilus prunulus,species,Sweetbread Mushroom,25
155093,49490,Cladonia coniocraea,species,Common Powderhorn,25
50884,47379,Polyporus,genus,,0
351927,50884,Polyporus tuberaster,species,tuberous polypore,25
63224,48522,Coprinopsis picacea,species,Magpie Inkcap,24
48248,53539,Hypocreales,order,,0
118017,48248,Nectriaceae,family,,0
118022,118017,Nectria,genus,,0
118012,118022,Nectria cinnabarina,species,Coral Spot,24
125366,63266,Clavulina cinerea,species,grey coral fungus,24
382877,54597,Lactarius blennius,species,Slimy Milkcap,24
118087,57518,Phellinus,genus,,0
410639,118087,Phellinus pomaceus,species,Cushion Bracket,24
67747,54321,Usnea,genus,beard lichens,0
532452,67747,Usnea dasopoga,species,Fishbone Beard Lichen,24
1254633,55503,Stereum insignitum,species,,24
48422,48423,Hydnum,genus,hedgehog mushrooms,0
48641,48422,Hydnum repandum,species,Wood Hedgehog,23
55605,48522,Coprinopsis lagopus,species,hare's foot inkcap,23
124705,64076,Pholiota aurivella,species,Golden Pholiota,23
128052,48806,Kretzschmaria,genus,,0
128051,128052,Kretzschmaria deusta,species,Brittle Cinder,23
153459,48339,Russula ochroleuca,species,Ochre Brittlegill,23
194414,48339,Russula nigricans,species,Blackening Brittlegill,23
71043,69968,Phragmidiaceae,family,,0
205077,71043,Phragmidium,genus,,0
205076,205077,Phragmidium violaceum,species,Violet Bramble Rust,23
175657,50253,Lecidella,genus,Disc Lichens,0
223123,175657,Lecidella elaeochroma,species,Lecidella lichen,23
352311,48339,Russula vesca,species,The Flirt,23
1399469,117956,Gomphillaceae,family,,0
175774,1399469,Gyalidea,genus,,0
463049,175774,Gyalidea asteriscus,species,,23
361640,51870,Cuphophyllus,genus,Waxcaps,0
486380,361640,Cuphophyllus virgineus,species,Snowy Waxcap,23
117423,54743,Pertusariales,order,"wart lichens, water lichens, and allies",0
117864,117423,Pertusariaceae,family,"wart lichens, pore lichens, and allies",0
630829,117864,Lepra,genus,Fluff-wart lichens,0
1028392,630829,Lepra albescens,species,Pore lichen,23
352247,57518,Fomitiporia,genus,,0
1393185,352247,Fomitiporia hartigii,species,,23
58698,55268,Xylaria polymorpha,species,dead man's fingers,22
179107,55922,Mycena epipterygia,species,Yellowleg Bonnet,22
194736,54294,Peltigera collina,species,tree pelt lichen,22
60724,54321,Xanthoparmelia,genus,rock shield lichens,0
203800,60724,Xanthoparmelia conspersa,species,Peppered Rock-shield,22
217100,49490,Cladonia floerkeana,species,Gritty British soldiers lichen,22
343169,48444,Lycoperdon echinatum,species,Spiny Puffball,22
350216,48703,Boletus reticulatus,species,Summer Bolete,22
474502,416305,Xerocomellus pruinatus,species,Matte Bolete,22
786892,416512,Hemipholiota,genus,,0
786894,786892,Hemipholiota populnea,species,Destructive Pholiota,22
56311,56310,Parasola,genus,,0
830766,56311,Parasola conopilea,species,conical brittlestem,22
959236,1415510,Cyanosporus,genus,,0
959237,959236,Cyanosporus caesius,species,Blue Cheese Polypore,22
416523,47167,Tubariaceae,family,,0
55575,416523,Tubaria,genus,Twiglets,0
55573,55575,Tubaria furfuracea,species,scurfy twiglet,21
58699,49548,Agaricus arvensis,species,Horse Mushroom,21
63460,55922,Mycena haematopus,species,Bleeding Fairy Helmet,21
117877,117887,Physcia aipolia,species,Hoary Rosette Lichen,21
121439,47167,Nidulariaceae,family,bird's nest fungi,0
68301,121439,Cyathus,genus,,0
120242,68301,Cyathus striatus,species,fluted bird's nest fungus,21
229765,48325,Ramalina fraxinea,species,Cartilage Lichen,21
1179953,56310,Candolleomyces,genus,,0
1179954,1179953,Candolleomyces candolleanus,species,Pale Brittlestem,21
